<?xml version="1.0" encoding="UTF-8"?>
<project-private xmlns="http://www.netbeans.org/ns/project-private/1">
    <editor-bookmarks xmlns="http://www.netbeans.org/ns/editor-bookmarks/2" lastBookmarkId="0"/>
    <open-files xmlns="http://www.netbeans.org/ns/projectui-open-files/2">
        <group>
            <file>file:/C:/Users/jj/Documents/NetBeansProjects/LAA%20-%20Me/src/control/ordenaçãoControl.java</file>
            <file>file:/C:/Users/jj/Documents/NetBeansProjects/LAA%20-%20Me/src/model/insertion.java</file>
            <file>file:/C:/Users/jj/Documents/NetBeansProjects/LAA%20-%20Me/src/model/selection.java</file>
            <file>file:/C:/Users/jj/Documents/NetBeansProjects/LAA%20-%20Me/src/model/merge.java</file>
            <file>file:/C:/Users/jj/Documents/NetBeansProjects/LAA%20-%20Me/src/model/boubble.java</file>
            <file>file:/C:/Users/jj/Documents/NetBeansProjects/LAA%20-%20Me/src/view/viewPrincial.java</file>
        </group>
    </open-files>
</project-private>
